date,killed,verletzt,city,state,sources_semicolon_delimited,,,
2016-01-06,3,1,Lakeland,FL,http://www.abcactionnews.com/news/region-polk/polk-county-deputies-investigate-magnolia-street-shooting-in-combee-area-of-lakeland,http://www.abcactionnews.com/news/region-polk/polk-county-deputies-investigate-magnolia-street-shooting-in-combee-area-of-lakeland,http://bnonews.com/news/index.php/news/id3238,
2016-01-07,1,3,Memphis,TN,http://www.wmcactionnews5.com/story/30914037/multiple-people-shot-in-neighborhood,http://wreg.com/2016/01/08/memphis-teen-who-stopped-to-help-woman-with-car-trouble-killed-in-shooting/,,
2016-01-08,1,4,Chicago,IL,http://chicago.cbslocal.com/2016/01/08/five-wounded-in-lawndale-shooting-2/,http://chicago.suntimes.com/news/7/71/1238818/5-wounded-lawndale-shooting,,
2016-01-08,0,4,Washington,DC,http://www.nbcwashington.com/news/local/Eastern-High-School-shooting-364716861.html,http://wtop.com/dc/2016/01/two-injured-in-shooting-near-eastern-senior-high-school/,,
2016-01-11,1,4,Wilmington,DE,http://www.delawareonline.com/story/news/crime/2016/01/13/browntown-shooting-victim-named/78774604/,http://www.heraldcourier.com/news/killed-hurt-in-wilmington-shooting/article_f9b0e9a9-0f60-53a5-8f11-f0ba42f188e5.html,,
2016-01-17,1,3,Gloucester Co.,VA,http://wtkr.com/2016/01/17/on-dead-three-wounded-in-gloucester-county-shooting/,http://www.13newsnow.com/story/news/2016/01/17/3-hospital-1-dead-after-shooting-gloucester-co/78929394/,,
2016-01-19,0,4,Chicago,IL,http://abc7chicago.com/news/3-teens-shot-in-bronzeville-near-49th-king-drive/1165572/,http://www.chicagotribune.com/news/local/breaking/ct-chicago-shooting-violence-20160119-story.html,,
2016-01-21,2,2,Eufala,OK,http://www.newson6.com/story/31022737/one-killed-during-eufaula-bank-robbery-authorities-say,http://www.theepochtimes.com/n3/1947370-eufaula-oklahoma-2-dead-after-bank-robbery-and-shootout/,,
2016-01-23,3,1,Crestview,FL,http://www.mypanhandle.com/news/three-killed-one-injured-in-crestview-shooting,http://www.crestviewbulletin.com/article/20160123/NEWS/160129575,http://weartv.com/triple-homicide-suspect-now-charged,
2016-01-23,2,2,Pearl River Co.,MS,http://www.wlox.com/story/31040532/2-dead-2-wounded-after-shootout-at-gun-shop,http://www.sunherald.com/news/local/crime/article56305535.html,http://www.wdam.com/story/31043023/more-details-names-released-in-gun-shop-shooting,
2016-01-23,2,2,Los Angeles,CA,http://losangeles.cbslocal.com/2016/01/23/4-people-shot-at-least-1-dead-in-avalon/,http://www.nbclosangeles.com/news/local/Three-People-Reported-Shot-South-LA-366330951.html,http://ktla.com/2016/02/07/quadruple-shooting-leaves-1-dead-3-wounded-in-willowbrook-shooter-at-large/,
2016-01-25,1,4,Perris,CA,http://www.pe.com/articles/perris-792749-sheriff-business.html,http://patch.com/california/murrieta/one-killed-four-wounded-perris-shooting-0,,
2016-01-26,2,3,Seattle,WA,http://www.chicagotribune.com/news/nationworld/ct-seattle-homeless-shooting-20160126-story.html,http://www.seattletimes.com/seattle-news/crime/active-shooter-in-seattles-sodo-district-near-i-5/,,
2016-01-27,6,0,Chesapeake,VA,http://wavy.com/2016/01/27/police-activity-on-george-washington-highway-due-to-barricade-situation/,http://www.nbcbayarea.com/news/national-international/6-Family-Members-Dead-in-Apparent-Murder-Suicide-366831601.html,,
2016-01-29,2,2,Caroline Co.,VA,http://wtvr.com/2016/01/30/caroline-domestic-shooting/,http://www.wvva.com/story/31097939/2-killed-2-injured-in-caroline-county-domestic-shooting,,
2016-01-30,3,5,Glendale,AZ,http://www.nbcnews.com/news/us-news/three-killed-two-injured-arizona-house-party-shooting-n507681,http://www.fox10phoenix.com/news/arizona-news/83443954-story,http://www.abc15.com/news/region-west-valley/glendale/glendale-pd-three-killed-five-injured-in-house-party-shooting-police-searching-for-suspects,
2016-01-30,1,3,Denver,CO,http://www.cnn.com/2016/01/30/us/denver-coliseum-shooting-stabbing/,https://www.reddit.com/r/GunsAreCool/comments/43hcaw/1_person_killed_3_wounded_by_gunfire_at_denver/,,
2016-01-31,0,4,New Orleans,LA,http://bnonews.com/news/index.php/news/id3476,http://www.ksla.com/story/31102609/nopd-investigating-shooting-near-north-claiborne-and-esplanade-avenues,,
2016-02-03,0,4,Washington,D.C.,http://wjla.com/news/crime/police-investigating-triple-shooting-in-southeast-dc,https://www.washingtonpost.com/local/mclean-man-arrested-in-connection-with-dc-burglaries/2016/02/03/3c00014c-caa1-11e5-88ff-e2d1b4289c2f_story.html,,
2016-02-06,2,6,Tampa,FL,http://bnonews.com/news/index.php/news/id3572,http://www.nydailynews.com/news/national/reported-victims-tampa-strip-club-shooting-article-1.2522308,http://www.seattletimes.com/nation-world/police-2nd-victim-in-tampa-florida-club-shooting-dies/,
2016-02-06,1,3,Los Angeles,CA,http://abc7.com/news/suspect-at-large-following-deadly-la-quadruple-shooting/1190511/,http://ktla.com/2016/02/07/quadruple-shooting-leaves-1-dead-3-wounded-in-willowbrook-shooter-at-large/,,
2016-02-06,0,4,Apopka,FL,http://www.wesh.com/news/4-injured-in-apopka-shooting/37855010,http://www.wftv.com/news/local/apopka-police-investigating-after-4-shooting-victims-check-in-to-hospital/64506732,,
2016-02-06,4,0,Uvalde,TX,http://www.lebanondailyrecord.com/article_704f371d-b38f-527c-a463-5cbc6a24c923.html,http://www.cbsnews.com/news/texas-shootout-multiple-people-dead/?cid=facebook_CBS_DFW,,
2016-02-07,1,7,Rochester,NY,http://13wham.com/news/top-stories/one-dead-six-hurt-in-sunday-morning-shooting,http://abcnews.go.com/US/wireStory/dead-hurt-shooting-rochester-york-nightclub-36771288,,
2016-02-07,2,10,Orlando,FL,http://www.orlandosentinel.com/news/breaking-news/os-club-glitz-orlando-shooting-20160207-story.html,http://www.nbcnews.com/news/us-news/orlando-nightclub-shooting-leaves-2-dead-10-injured-n513251,,
2016-02-07,2,4,Pass Christian,MS,http://www.wlox.com/story/31161943/shooting-at-pass-christian-mardi-gras-parade-investigation-underway,http://abcnews.go.com/US/wireStory/police-dead-shooting-parade-mississippi-36777054,,
2016-02-07,0,4,Chicago,IL,http://www.chicagotribune.com/news/local/breaking/ct-chicago-violence-shootings-20160207-story.html,http://abc7chicago.com/news/four-teens-ages-15-18-shot-while-on-englewood-porch/1191007/,,
2016-02-09,0,4,Muskegon Heights,MI,http://woodtv.com/2016/02/09/multiple-injuries-reported-in-shooting-at-muskegon-heights-high-school/,http://fox17online.com/2016/02/09/possible-shooting-in-the-parking-lot-of-muskegon-heights-high-school/,http://www.mlive.com/news/muskegon/index.ssf/2016/02/1_charged_in_connection_with_o.html,
2016-02-11,1,3,Turner Co.,GA,http://www.ajc.com/news/news/crime-law/deadly-i-75-chase-ends-in-accidental-shooting-of-2/nqPCK/,http://www.wyff4.com/news/one-dead-several-injured-following-chase-shooting/37958704,http://www.albanyherald.com/news/local/public_safety/officers-suspect-shot-during-chase-on-i/article_bd02b538-0bb6-5bd7-a058-0607b5cc1341.html,
2016-02-12,2,2,Plymouth,MN,http://www.fox9.com/news/90338285-story,http://minnesota.cbslocal.com/2016/02/13/2-dead-officers-injured-in-plymouth/,http://www.startribune.com/attorney-ids-dead-shooter-suspect-s-victim-in-plymouth-incident/368777101/,
2016-02-13,0,4,Marrero,LA,http://www.wwltv.com/story/news/2016/02/14/jpso-investigating-quadruple-shooting--marrero/80370826/,http://www.wwl.com/Four-shot-at-teen-birthday-party-in-Marrero/22470990,,
2016-02-14,1,4,Houston,TX,http://www.click2houston.com/news/police-1-dead-2-injured-in-shooting-in-southeast-houston,http://www.khou.com/story/news/crime/2016/02/14/police-investigating-quadruple-shooting-se-houston/80372032/,http://www.khou.com/story/news/crime/2016/02/14/police-investigating-quadruple-shooting-se-houston/80372032/,
2016-02-14,0,4,Houston,TX,http://abc13.com/news/at-least-nine-people-shot-at-two-different-locations-across-area/1200220/,http://www.sanantoniopost.com/index.php/sid/241297921,,
2016-02-14,0,5,Greene Co.,AL,http://wiat.com/2016/02/15/5-shot-in-howards-in-greene-county-early-sunday/,http://www.wtvm.com/story/31223354/5-shot-at-greene-co-nightclub,,
2016-02-18,3,1,South Salt Lake,UT,http://kutv.com/news/local/fourth-victim-comes-forward-in-south-salt-lake-shooting,http://www.sltrib.com/home/3556615-155/1-dead-3-injured-in-utah,https://www.ksl.com/index.php?sid=38591362&nid=148&title=third-victim-in-south-salt-lake-shooting-dies,
2016-02-19,2,2,Vallejo,CA,http://www.ktvu.com/news/94170750-story,http://patch.com/california/benicia/shooting-vallejo-kills-one-injures-3-0,http://sanfrancisco.cbslocal.com/2016/02/22/second-victim-in-friday-vallejo-shooting-dies/,
2016-02-19,2,3,Iuka,MS,http://abc13.com/news/officer-killed-three-officers-wounded-in-mississippi-standoff/1208791/,http://abcnews.go.com/US/wireStory/officer-dead-wounded-mississippi-shooting-37076256,,
2016-02-20,1,3,Tampa,FL,http://wfla.com/2016/02/20/one-dead-3-injured-after-shooting-at-tampa-bar/,http://www.tampabay.com/news/publicsafety/crime/shooting-at-tampa-hookah-bar-leaves-one-dead-three-injured/2266160,,
2016-02-20,1,3,Bessemer,AL,http://abc3340.com/news/local/deputies-investigating-shooting-in-bessemer,http://www.al.com/news/birmingham/index.ssf/2016/02/multiple_victims_shot_injured.html#incart_river_home,,
2016-02-20,0,4,Orlando,FL,http://www.fox35orlando.com/home/94524253-story,http://www.wftv.com/news/local/four-in-hospital-after-orlando-shooting/100141446,http://www.wesh.com/news/several-shot-in-parramore/38106968,
2016-02-21,6,2,Kalamazoo,MI,http://www.cnn.com/2016/02/21/us/michigan-kalamazoo-county-shooting-spree/,https://www.washingtonpost.com/news/post-nation/wp/2016/02/21/six-killed-in-kalamazoo-shooting-spree-were-chosen-at-random-authorities-say/,,
2016-02-21,1,3,Hazlewood,MO,http://fox2now.com/2016/02/21/major-case-squad-activated-for-270-lindbergh-shooting/,http://www.stltoday.com/news/local/crime-and-courts/one-dead-three-wounded-after-shooting-on-i--in/article_7dbe1190-fb73-50b0-a73a-c21622cc03a7.html,http://www.kmov.com/story/31327051/2-in-custody-after-woman-killed-in-drive-by-shooting-sunday,
2016-02-21,0,5,Houston,TX,http://abc13.com/news/baby-4-people-injured-in-drive-by-shooting/1211951/,http://www.khou.com/story/news/crime/2016/02/22/infant-among-victims-s-houston-drive--shooting/80723848/,,
2016-02-23,5,0,Glendale,AZ,http://www.azcentral.com/story/news/local/phoenix/breaking/2016/02/23/gunshot-victims-inside-burning-house-phoenix-officials-say/80792206/,http://www.10news.com/news/fd-family-of-four-reportedly-shot-at-north-phoenix-house,http://kutv.com/news/nation-world/five-dead-after-arizona-shooting-house-fire,
2016-02-23,0,4,Daytona Beach,FL,http://www.news-journalonline.com/article/20160224/news/160229720,http://www.news-journalonline.com/article/20160224/news/160229720,,
2016-02-24,0,4,Atlanta,GA,http://www.fox5atlanta.com/news/97016854-story,http://www.wsbtv.com/news/news/local/police-investigate-triple-shooting-near-gsu-campus/nqXgJ/,http://downtown.11alive.com/news/news/1867612-arrest-made-quadruple-shooting-downtown-atlanta,
2016-02-24,2,2,Bailey,CO,http://kdvr.com/2016/02/24/bailey-shooting-what-we-know-about-the-suspect-so-far/,http://www.9news.com/news/crime/3-deputies-shot-1-killed-in-bailey/54667695,,
2016-02-25,4,14,Hesston,KS,http://www.wlox.com/story/31320325/4-killed-14-injured-in-kansas-workplace-shooting,http://www.chicagotribune.com/news/nationworld/ct-kansas-business-shooting-20160225-story.html,,
2016-02-25,5,0,Belfair,WA,http://www.seattletimes.com/seattle-news/crime/officials-investigating-mans-claim-he-shot-4-people-in-belfair/,http://www.king5.com/story/news/crime/2016/02/26/swat-responds-report-4-people-shot-belfair/80987850/,,
2016-02-27,2,2,Woodbridge,VA,http://www.nydailynews.com/news/national/rookie-killed-day-job-virginia-shooting-article-1.2546227,http://ktla.com/2016/02/28/virginia-police-officer-killed-a-day-after-being-sworn-in/,,
2016-02-28,0,5,Detroit,MI,http://www.fox2detroit.com/news/local-news/98761044-story,http://www.mlive.com/news/detroit/index.ssf/2016/02/five_shot_outside_detroit_club.html,,
2016-02-28,1,3,Riverside,CA,http://www.pe.com/articles/jurupa-795749-valley-shooting.html,http://www.crimevoice.com/2016/04/08/suspect-arrest-jurupa-valley-murder/,,
2016-03-04,1,3,Columbus,OH,http://www.fox19.com/story/31411157/man-accused-in-shooting-that-killed-boy-7-held-on-2m-bail,http://wncn.com/2016/03/07/ohio-man-arrested-charged-with-shooting-multiple-children-teen-7-year-old-killed/,,
2016-03-05,0,4,Wichita,KS,http://www.kake.com/home/headlines/Police-investigate-shooting-in-Old-Town-371143871.html,http://www.kwch.com/news/local-news/Four-hurt-in-Old-Town-shooting/38355980,,
2016-03-06,1,8,Compton,CA,http://www.nbclosangeles.com/news/local/Compton-Shooting-371197321.html,http://laist.com/2016/03/06/1_dead_10_injured_after_shooting_at.php,,
2016-03-06,1,6,Chelsea,MA,http://www.wcvb.com/news/7-shot-1-critical-in-overnight-shooting-inside-chelsea-home/38368484,http://www.myfoxboston.com/news/chelsea-shooting-kills-one-injures-seven/147483362,http://www.masslive.com/news/boston/index.ssf/2016/03/single_shooter_responsible_for.html,
2016-03-06,0,4,Roswell,GA,http://www.ajc.com/news/news/crime-law/cops-4-people-shot-after-bar-argument-in-roswell/nqfDG/,http://www.ajc.com/news/news/crime-law/gwinnett-man-accused-of-shooting-4-people-outside-/nq5tR/,,
2016-03-07,0,4,Lafayette,LA,http://theadvocate.com/news/acadiana/15115322-129/four-shot-while-walking-along-martin-luther-king-jr-drive-in-lafayette-monday-afternoon,http://www.katc.com/story/31406629/police-at-least-three-people-shot-on-mlk-drive-in-lafayette,,
2016-03-07,5,0,Kansas City,KS,http://www.kansascity.com/news/local/crime/article64699427.html,http://www.kmbc.com/news/police-searching-for-person-of-interest-after-overnight-quadruple-homicide/38397106?utm_campaign=KMBC%209%20News%20Kansas%20City&utm_medium=FBPAGE&utm_source=Social,http://www.greenfieldreporter.com/view/story/30f1dd7d120f4df58ad5377d22567c2e/MO--Fatal-Shootings-Plea,
2016-03-08,2,3,San Antonio,TX,http://www.ksat.com/news/2-dead-3-wounded-in-east-side-shooting,http://sanantonio.suntimes.com/sa-news/7/128/186539/sapd-fatal-east-side-shooting-may-be-tied-to-earlier-incident-2,,
2016-03-09,6,3,Wilkinsburg,PA,http://pittsburgh.cbslocal.com/2016/03/09/multiple-people-reportedly-shot-in-wilkinsburg/,http://www.nbcnews.com/news/us-news/five-dead-three-wounded-pennsylvania-shooting-n535626,http://abcnews.go.com/US/dead-injured-backyard-shooting-suburban-pittsburgh/story?id=37538434,
2016-03-11,0,5,Trenton,NJ,http://www.fox29.com/news/local-news/104653582-story,http://6abc.com/news/4-people-left-wounded-after-shooting-in-trenton/1241193/,,
2016-03-11,2,2,Detroit,MI,http://www.fox2detroit.com/news/local-news/105138415-story,http://www.detroitnews.com/story/news/local/detroit-city/2016/03/11/dead-wounded-drive-detroit/81665078/,http://www.fox2detroit.com/news/local-news/105561419-story,
2016-03-12,0,4,Oakland,CA,http://sanfrancisco.cbslocal.com/2016/03/12/oakland-drive-by-shooting-party-bus-near-bay-bridge/,https://www.reddit.com/r/GunsAreCool/comments/4a4xrj/4_injured_in_oakland_driveby_shooting_of_party_bus/,,
2016-03-12,1,3,Wichita Falls,TX,http://www.timesrecordnews.com/news/crime/one-dead-three-injured-in-early-morning-shooting-2dde1e93-93af-0d17-e053-0100007f8bbf-371879341.html,http://www.newschannel6now.com/story/31453112/four-people-shot-in-wichita-falls,,
2016-03-12,0,6,Ocala,FL,http://www.clickorlando.com/news/2-men-4-children-hurt-at-ocala-shooting-range-deputies-say,http://www.wsoctv.com/news/national-content/deputies-4-children-2-men-injured-at-florida-gun-range/158611298,,
2016-03-12,2,2,Elberton,GA,http://www.wsbtv.com/news/local/child-man-killed-in-northeastern-georgia-quadruple-shooting/159301014,http://www.ajc.com/news/news/local/child-man-killed-in-quadruple-shooting-in-northeas/nqjzQ/,,
2016-03-12,0,4,Portland,OR,http://www.kgw.com/news/crime/four-wounded-during-gang-shooting-at-portland-community-center/82473815,http://www.oregonlive.com/portland/index.ssf/2016/03/post_553.html,,
2016-03-13,0,4,Fort Myers,FL,http://www.news-press.com/story/news/crime/2016/03/14/four-shot-brooks-park-fort-myers-over-weekend-lee/81785878/,http://www.winknews.com/2016/03/13/source-gunshots-disrupt-family-event-at-brooks-park-at-least-2-hit/,,
2016-03-14,1,3,Chicago,IL,http://www.nbcchicago.com/news/local/Officers-Shot-North-Lawndale-372061232.html,http://abc7chicago.com/news/3-police-officers-injured-in-west-side-shooting/1245882/,,
2016-03-14,0,5,Atlanta,GA,http://www.ajc.com/news/news/crime-law/5-shot-at-northwest-atlanta-nightclub/nqkn6/,http://newschannel9.com/news/nation-world/police-5-shot-at-atlanta-nightclub,,
2016-03-17,2,2,Houston,TX,http://www.chicagotribune.com/news/nationworld/ct-houston-police-shooting-20160317-story.html,http://www.chron.com/news/houston-texas/article/2-robbery-suspects-fatally-shot-by-HPD-identified-6923343.php,,
2016-03-19,2,2,Wetumpka,AL,http://www.wtvm.com/story/31518283/police-4-shot-3-killed-in-drive-by-shooting-in-wetumpka,http://www.al.com/news/montgomery/index.ssf/2016/03/multiple_people_killed_in_wetu.html,,
2016-03-20,1,4,Plantation,FL,http://www.sun-sentinel.com/local/broward/plantation/fl-plantation-fatal-shooting-20160320-story.html,http://www.local10.com/news/1-dead-4-injured-after-shooting-at-plantation-house-party,,
2016-03-20,4,0,Louisville,KY,http://www.cbsnews.com/news/4-dead-in-alleged-murder-suicide-at-kentucky-home-police-say/,http://www.kentucky.com/latest-news/article67385657.html,,
2016-03-21,0,4,Chicago,IL,http://www.krmg.com/news/news/local/four-boys-wounded-chicago-shooting/nqqL2/,http://www.cachevalleydaily.com/news/national/article_5c038d52-ba3f-5f20-80ad-12b01841a01b.html,,
2016-03-21,4,0,Sherman,TX,http://www.kxii.com/home/headlines/Sherman-shooting-ruled-murder-suicide--373142761.html?ref=761,http://heralddemocrat.com/news/local/spd-says-sherman-deaths-were-murder-suicide,,
2016-03-22,0,4,Selma,CA,http://www.yourcentralvalley.com/news/4-teens-injured-in-selma-neighborhood-shooting,http://abc30.com/news/4-people-injured-in-shooting-in-selma/1258579/,,
2016-03-25,2,2,Lawrenceburg,TN,http://www.timesdaily.com/news/crime/woman-killed-sons-injured-in-domestic-violence-shooting/article_4d801ecd-d52f-580b-8c39-8f1fb588a363.html,http://whnt.com/2016/03/25/double-shooting-reported-on-lauderdale-county-road-130/,,
2016-03-25,0,4,Chicago,IL,https://www.dnainfo.com/chicago/20160325/garfield-park/at-least-three-wounded-west-side-shooting,http://www.chicagotribune.com/news/local/breaking/ct-chicago-shootings-violence-20160325-story.html,,
2016-03-26,0,4,Denver,CO,http://www.denverpost.com/news/ci_29688859/shooting-at-denver-apartment-complex-leaves-4-injured,http://www.thedenverchannel.com/news/front-range/denver/4-people-shot-overnight-in-southeast-denver-police-investigating,,
2016-03-31,2,2,Richmond ,VA,http://www.nbcnews.com/news/us-news/trooper-severely-injured-gunman-dead-shooting-greyhound-station-richmond-virginia-n548686,http://wset.com/news/local/update-shooter-identified-in-richmonds-greyhound-bus-station-shooting,,
2016-03-31,0,4,Chicago,IL,http://chicago.suntimes.com/news/four-men-injured-in-shooting-in-englewood/,http://chicago.cbslocal.com/2016/04/01/four-dead-11-wounded-in-thursday-gun-violence-in-chicago/,,
2016-04-01,3,1,Albuquerque,NM,http://www.aol.com/article/2016/04/01/reports-2-dead-in-albuquerque-restaurant-shooting/21337029/,http://www.abqjournal.com/750012/news/police-investigate-shooting-in-ne-abq.html,http://krqe.com/2016/04/01/police-identify-men-killed-in-northeast-albuquerque-restaurant-shooting/,
2016-04-05,2,2,St. Augustine,FL,http://www.theledger.com/article/20160406/NEWS/160409592/1001/datacentral,http://www.bcdemocrat.com/2016/04/06/fl-fatal-shooting-st-augustine/,http://staugustine.com/news/local-news/2016-04-15/suspect-west-augustine-double-homicide-apprehended-jacksonville#.VyZlYDArKUk,
2016-04-06,1,3,Brevard Co.,FL,http://www.wesh.com/news/deputies-respond-to-report-of-3-shot-in-brevard-county/38904122,http://www.floridatoday.com/story/news/crime/2016/04/06/shooting-reported-west-cocoa/82730566/,http://www.wesh.com/news/deputies-respond-to-report-of-3-shot-in-brevard-county/38904122,
2016-04-07,0,5,Chicago,IL,http://abc7chicago.com/news/5-shot-on-party-bus-in-south-shore/1280390/,http://wgntv.com/2016/04/07/5-shot-while-exiting-party-bus-in-chicagos-south-shore-neighborhood/,,
2016-04-09,0,4,Albuquerque,NM,http://www.theeagle.com/news/nation/wounded-in-shooting-at-albuquerque-home/article_528b2cdb-b8a2-5296-b265-70720d20ab2f.html,http://krqe.com/2016/04/09/police-respond-to-shooting-in-southeast-albuquerque-4-injured/,http://www.abqjournal.com/754320/news/four-in-critical-condition-after-se-abq-shooting-saturday-morning.html,
2016-04-09,0,4,Memphis,TN,http://www.fox13memphis.com/news/4-people-in-hospital-after-being-shot-in-hickory-hill/205308109,http://www.wmcactionnews5.com/story/31686679/4-wounded-in-shooting-at-memphis-gas-station,,
2016-04-09,0,4,Anniston,AL,http://www.al.com/news/anniston-gadsden/index.ssf/2016/04/4_wounded_at_anniston_motorcyc.html,http://www.annistonstar.com/news/police-four-wounded-in-saturday-night-shooting/article_174bbffc-fffe-11e5-b7ec-93674e38d483.html,,
2016-04-10,1,3,Milwaukee,WI,http://fox6now.com/2016/04/10/developing-police-on-scene-of-shooting-on-north-side-at-least-one-dead/,http://www.wqow.com/story/31688479/police-4-teens-shot-1-fatally-in-milwaukee,,
2016-04-10,0,4,Las Angeles,CA,http://www.independent.co.uk/news/world/americas/four-people-shot-in-los-angeles-while-setting-up-a-barbecue-a6978061.html,http://abc7.com/news/4-shot-taken-to-hospital-in-south-los-angeles/1285147/,,
2016-04-14,1,3,Orange,NJ,http://abc7ny.com/news/police-shooting-leaves-1-dead-3-injured-in-nj/1292720/,http://patch.com/new-jersey/westorange/shooting-orange-kills-teen-injures-3,,
2016-04-16,0,4,Enterprise,AL,http://www.wtvm.com/story/31742529/police-4-injured-in-shooting-at-house-party-in-enterprise#,http://www.dothanfirst.com/news/four-shot-at-house-party-in-enterprise,http://www.dothaneagle.com/news/crime_court/man-wanted-for-assault-in-enterprise-shooting/article_5d4e2a7c-0741-11e6-805d-6ba08b34bebe.html,
2016-04-16,2,4,Orlando,FL,http://www.wesh.com/news/5-injured-1-dead-in-west-orlando-shooting/39067562,http://www.clickorlando.com/news/multiple-people-hurt-orlando-shooting,http://www.orlandosentinel.com/news/breaking-news/os-drive-by-woman-dies-20160423-story.html,
2016-04-16,1,4,Detroit,MI,http://www.mlive.com/news/detroit/index.ssf/2016/04/one_man_dead_four_others_inclu.html,http://www.detroitnews.com/story/news/local/detroit-city/2016/04/17/dead-hurt-shooting-detroits-east-side/83154880/,,
2016-04-17,3,1,Philadelphia,PA,http://philadelphia.cbslocal.com/2016/04/17/3-dead-in-shooting-barricade-in-kensington/,http://www.philly.com/philly/news/20160418_3_killed__man_arrested__at_Kensington_home.html,http://6abc.com/news/police-man-kills-brother-2-others-in-kensington/1295600/,
2016-04-17,1,3,Greenville Co.,SC,http://www.greenvilleonline.com/story/news/2016/04/17/1-dead-3-injured-greenville-county-shooting/83163118/,http://www.wyff4.com/news/coroner-1-dead-3-taken-hospitalized-after-possible-shooting/39074338,,
2016-04-17,1,6,Edinburg,TX,http://valleycentral.com/news/local/police-jaguars-shooting-killed-1-injured-6,http://www.themonitor.com/news/local/victim-in-strip-club-shooting-id-d-police-seek-two/article_e27f202c-0578-11e6-bcb3-af6b5e4aa211.html,,
2016-04-18,1,3,Long Beach,CA,http://www.nbclosangeles.com/news/local/long-beach-triple-shooting-one-dead-one-critical-376164901.html,http://lbpost.com/news/crime/2000008630-one-dead-in-shooting-in-long-beach-s-macarthur-park-neighborhood,,
2016-04-19,1,4,Chicago,IL,http://www.chicagotribune.com/news/local/breaking/ct-chicago-shootings-violence-20160418-story.html,http://abc7chicago.com/news/5-shot-1-fatally-while-filming-rap-video-at-south-side-park/1298373/,,
2016-04-19,4,0,Katy,TX,http://www.chron.com/neighborhood/fortbend/news/article/Couple-children-dead-in-apparent-murder-suicide-7257662.php,http://news4sanantonio.com/news/local/4-dead-in-apparent-triple-murder-suicide,,
2016-04-19,1,4,Brooksville,AL,http://www.al.com/news/birmingham/index.ssf/2016/04/3_wounded_after_gunman_in_cowb.html,https://www.reddit.com/r/GunsAreCool/comments/4flfg0/alabama_gun_owner_drives_around_randomly_shooting/,http://www.ctpost.com/news/crime/article/Police-ID-man-killed-after-Alabama-shooting-spree-7259817.php,
2016-04-19,1,3,Chicago,IL,https://www.dnainfo.com/chicago/20160420/gage-park/teen-killed-3-others-wounded-gage-park-shooting-police,http://chicago.suntimes.com/news/police-1-dead-3-wounded-in-gage-park-shooting/,,
2016-04-21,0,4,Baltimore,MD,http://www.wbaltv.com/news/4-people-including-juvenile-injured-in-baltimore-shooting/39156020,http://www.wbaltv.com/news/4-people-including-juvenile-injured-in-baltimore-shooting/39156020,,
2016-04-22,8,0,Piketon,OH,http://www.usatoday.com/story/news/2016/04/22/report-least-7-dead-home-east-cincinnati/83380280/,http://bnonews.com/news/index.php/news/id4201,,
2016-04-22,6,0,Appling,GA,http://bnonews.com/news/index.php/news/id4209,http://www.wrdw.com/home/headlines/BREAKING-Coroner-on-the-way-to-scene-of-shooting-in-Columbia-County-376803861.html,,
2016-04-23,3,1,Auburn,AL,http://whnt.com/2016/04/23/overnight-shooting-in-auburn-leaves-3-dead-1-injured/,http://abcnews.go.com/US/wireStory/police-killed-alabama-nightclub-shooting-38619163,,
2016-04-23,0,4,Manhattan,NY,http://www.nydailynews.com/new-york/nyc-crime/bronx-man-fatally-shot-wounded-six-hour-span-article-1.2612048,http://nypost.com/2016/04/24/daily-blotter-857/,,
2016-04-23,1,3,Las Vegas,NV,http://www.reviewjournal.com/crime/shootings/1-dead-several-hurt-east-las-vegas-shooting,http://news3lv.com/news/local/fight-escalates-to-fatal-shooting-stabbing-publics-help-sought,,
2016-04-23,0,4,Seattle,WA,http://q13fox.com/2016/04/23/spd-boosts-patrols-after-early-morning-shootings-injure-four-people-overnight/,http://abcnews.go.com/US/wireStory/police-investigate-downtown-seattle-shooting-38621314,,
2016-04-23,0,5,Flint,MI,http://www.mlive.com/news/flint/index.ssf/2016/04/five_people_injured_one_critic.html,http://bnonews.com/news/index.php/news/id4222,,
2016-04-23,1,3,Topeka,KS,http://patch.com/us/across-america/federal-officers-wounded-shootout-kansas-motel-0,http://www.cnn.com/2016/04/24/us/kansas-federal-agents-shot/,http://www.wibw.com/content/news/Multiple-shots-fired-at-Topeka-motel-Law-enforcement-have-area-blocked-off-376872351.html,http://www.wibw.com/content/news/FBI-identifies-body-found-after-motel-shooting-and-fire-377170901.html
2016-04-24,0,6,Halifax Co.,VA,http://www.godanriver.com/news/state/six-injured-in-halifax-county-shooting-state-police-investigating/article_6616ae2a-0a36-11e6-8a2c-37334c6eaa30.html,http://wric.com/2016/04/24/state-police-investigate-deputy-involved-shooting-that-left-6-injured/,,
2016-04-24,0,4,Denver,CO,http://www.thedenverchannel.com/news/local-news/4-wounded-in-shooting-near-larimer-square-early-sunday,http://www.denverpost.com/news/ci_29807417/four-injured-early-sunday-shooting-denver,,
2016-04-24,2,3,Chicago,IL,http://chicago.suntimes.com/news/fire-officials-4-shot-in-west-englewood/,http://abc7chicago.com/news/2-dead-3-injured-in-west-englewood-shooting/1307606/,,
2016-04-25,0,4,Goodlettsville,TN,http://www.newschannel5.com/news/local-news/4-injured-in-shooting-at-goodlettsville-home,http://www.tennessean.com/story/news/local/davidson%20/2016/04/25/police-investigate-goodlettsville-shooting/83488112/?from=global&sessionKey=&autologin=,,
2016-04-25,0,4,Nashville,TN,http://www.tennessean.com/story/news/crime/2016/04/25/police-investigate-shooting-near-music-city-central-bus-station/83513356/,http://fox17.com/news/local/metro-says-shooting-reported-at-music-city-central-bus-station-in-downton-nashville,http://www.wpsdlocal6.com/story/31851655/boy-16-accused-in-downtown-nashville-bus-station-shooting,
2016-04-25,0,5,Miami,FL,http://cbs12.com/news/local/police-5-people-shot-in-miami-neighborhood,http://www.nbcmiami.com/news/local/3-Shot-in-Northwest-Miami-Dade-377042541.html,,
2016-04-26,1,4,Forestville,MD,http://www.wusa9.com/news/local/1-dead-in-forestville-quadruple-shooting/154003524,http://www.nbcwashington.com/news/local/1-Woman-Dead-3-Men-Injured-in-Forestville-Shooting-377088391.html,http://wtop.com/prince-georges-county/2016/04/woman-dead-in-quadruple-shooting-in-prince-georges-co/,
2016-04-27,3,1,Montgomery Co,MS,http://www.newsweek.com/mississippi-shootings-three-killed-453009,http://www.wbrc.com/story/31829338/man-charged-in-kilmichael-triple-murder,,
2016-04-27,1,3,Baton Rouge,LA,http://www.ksla.com/story/31836210/ebrso-shooting-on-kerrit-drive-leaves-1-dead-3-injured,http://www.wbrz.com/news/1-dead-3-injured-in-shooting-ebrso-looking-for-suspects/,,
2016-04-29,0,5,Oakland,CA,http://www.mercurynews.com/crime-courts/ci_29834072/west-oakland-shooting-leaves-six-injured-five-by,http://www.ktvu.com/news/135187319-story,,
2016-04-29,0,4,Ferguson,MO,http://www.stltoday.com/news/local/crime-and-courts/gunfire-wounds-several-at-home-of-relatives-of-child-fatally/article_c36ac516-e348-58e6-9e6d-c1fde70f98c5.html,http://www.kmov.com/story/31854099/9-year-old-girl-grazed-by-bullet-during-drive-by-shooting-in-ferguson,,
2016-05-01,0,5,Murfreesboro,TN,http://wkrn.com/2016/05/01/5-injured-in-shooting-at-murfreesboro-party/,http://www.dnj.com/story/news/local/2016/05/01/five-injured-shooting-murfreesboro-party/83786978/,,
2016-05-03,5,0,Green Cove Springs,FL,http://www.news4jax.com/news/crime/police-2-shot-at-home-in-green-cove-springs#,http://www.newsweek.com/florida-shooting-green-cove-springs-455233,,
2016-05-04,2,2,Katy,TX,http://www.click2houston.com/news/possible-active-shooter-reported-inside-harris-county-transportation-building,http://www.reuters.com/article/us-texas-shooting-idUSKCN0XV1S8,,
2016-05-04,1,7,Minneapolis,MN,http://kstp.com/news/north-minneapolis-shooting-police-department-16th-avenue-newtown-avenue/4127385/,http://www.startribune.com/hunt-on-for-suspects-in-north-side-gunfire-that-killed-1-wounded-others/378283121/,,
2016-05-05,2,6,Shreveport,LA,http://www.hastingstribune.com/dead-wounded-injured-in-north-shreveport-shooting/article_a8c9cd4d-a323-5f11-b7b8-b665d3402838.html,http://abcnews.go.com/US/wireStory/dead-injured-north-shreveport-shooting-38909920,,
2016-05-05,2,2,Las Vegas,NV,http://www.reviewjournal.com/crime/homicides/man-woman-dead-2-children-injured-north-las-vegas-shooting,http://gazette.com/man-woman-dead-2-kids-shot-outside-vegas-area-day-care/article/feed/345711,,
2016-05-05,1,3,Miami,FL,http://www.miamiherald.com/news/local/community/miami-dade/article75993867.html,http://www.nbcmiami.com/news/local/1-Killed-3-Injured-in-Allapattah-Shooting-Police-378388331.html,,
2016-05-06,3,3,Bethesda,MD,http://www.nydailynews.com/news/national/people-shot-westfield-montgomery-mall-maryland-article-1.2627493,https://www.washingtonpost.com/local/public-safety/one-person-shot-at-montgomery-mall-in-bethesda-police-say/2016/05/06/f510d2aa-139f-11e6-81b4-581a5c4c42df_story.html,,
2016-05-06,1,3,Montgomery,AL,http://www.wsfa.com/story/31914432/4-shot-in-west-montgomery,http://www.al.com/news/index.ssf/2016/05/4_shot_in_montgomery.html,http://www.montgomeryadvertiser.com/story/news/crime/2016/05/07/4-shot-clay-st-west-montgomery/84063166/,
2016-05-06,1,4,Detroit,MI,http://www.fox2detroit.com/news/local-news/138535652-story,http://detroit.cbslocal.com/2016/05/06/man-killed-in-shooting-outside-car-wash-on-detroits-east-side/,,
2016-05-08,1,3,Austin,TX,http://www.statesman.com/news/news/local/officials-one-dead-3-injured-in-north-austin-shoot/nrJs8/,http://patch.com/texas/north-austin/early-morning-shooting-north-austin-leaves-one-dead-three-injured,http://austin.com/fight-over-line-cutting-leads-to-taco-fueled-homicide-in-austin/,
2016-05-11,1,4,Burmingham,AL,http://m.dailyjournal.net/view/story/8263ab19dd164635a151fbe2875fb6a3/AL--Birmingham-Children-Shot-Woman-Killed,http://www.al.com/news/birmingham/index.ssf/2016/05/i_cant_believe_my_daddy_shot_m.html,,
2016-05-11,0,5,Chicago,IL,http://abc7chicago.com/news/4-people-shot-in-park-manor-near-71st-state/1334442/,http://abc7chicago.com/news/5-shot-at-park-manor-bus-stop/1334442/,,
2016-05-12,4,0,Chicago,IL,http://wgntv.com/2016/05/12/3-killed-in-englewood-shooting-swat-in-standoff-with-murder-suspect/,http://chicago.suntimes.com/news/police-2-killed-1-wounded-in-englewood-shooting/,,
2016-05-14,1,3,Charleston,WV,http://wvmetronews.com/2016/05/14/charleston-police-investigate-multiple-victim-shooting-at-west-side-bar/,http://www.wsaz.com/content/news/Dispatchers-Multiple-victims-reported-in-Charleston-shooting--379517131.html,,
2016-05-14,2,2,Phoenix,AZ,http://www.azcentral.com/story/news/local/phoenix-breaking/2016/05/14/phoenix-officer-hurt-suspect-down-police-involved-shooting/84383030/,http://www.abc15.com/news/region-phoenix-metro/central-phoenix/police-officer-hurt-suspect-down-in-shooting-involving-phoenix-pd,,
2016-05-14,0,5,Atlanta,GA,http://www.fox5atlanta.com/news/141329722-story,http://www.wsbtv.com/news/local/atlanta/five-people-injured-in-southwest-atlanta-shootings/282840926,,
2016-05-15,0,4,Evansville,IN,http://www.tristatehomepage.com/news/local-news/multiple-people-shot-near-evansville-bar-police-investigating,http://www.14news.com/story/31976961/multiple-people-shot-outside-of-evansville-bar#,,
2016-05-15,5,0,Moultrie,GA,http://www.wtxl.com/news/found-dead-in-moultrie-house-fire-were-shot-and-killed/article_78cef5f8-1e0a-11e6-a2e2-d33d011dc25b.html,http://www.nydailynews.com/news/crime/georgia-man-guns-people-sets-house-fire-article-1.2643369,http://www.moultrieobserver.com/news/local_news/dogs-also-killed-in-mass-slaying/article_8a5f7f5e-1eb9-11e6-ad57-7f3919ebe33d.html,
2016-05-17,5,1,Ravenel,SC,http://www.postandcourier.com/20160517/160519475/suspect-identified-after-3-fatally-shot-at-ravenel-mobile-home-park,http://www.live5news.com/story/31995713/sheriff-3-dead-1-injured-in-ravenel-shooting,http://www.charlestonscene.com/20160518/160519429/she-begged-him-not-to-shoot-them-911-caller-says-of-ravenel-shooting-survivor,
2016-05-18,0,4,Indianapolis,IN,http://cbs4indy.com/2016/05/18/4-injured-in-near-northeast-side-shooting/,http://www.indystar.com/story/news/crime/2016/05/18/3-people-shot-northside/82535200/,,
2016-05-21,1,3,Jackson,GA,http://www.fox5atlanta.com/news/143799999-story,http://www.jacksonprogress-argus.com/news/shot-dead-after-graduation-party/article_e0d68628-1f92-11e6-a197-87a405232e24.html,,
2016-05-21,1,3,Stockton,CA,http://www.recordnet.com/article/20160521/NEWS/160529934,http://www.kcra.com/news/local-news/news-stockton/1-person-dead-3-wounded-in-stockton-shootings/39666680,,
2016-05-22,0,4,Nashville,TN,http://fox17.com/news/local/several-people-injured-in-south-nashville-shooting,http://www.tennessean.com/story/news/crime/2016/05/22/metro-police-responding-three-shot-wedgewood-houston/84758518/,,
2016-05-22,0,4,New Orleans,LA,http://www.nola.com/crime/index.ssf/2016/05/4_people_shot_in_hollygrove_ne.html,http://www.timesunion.com/news/crime/article/Police-4-shot-in-New-Orleans-7939189.php,,
2016-05-23,0,5,Newark,NJ,http://newyork.cbslocal.com/2016/05/23/newark-shooting/,http://www.ccenterdispatch.com/news/state/article_8b6d23b3-b92d-5ea4-b7bd-b35c608b1841.html,,
2016-05-25,1,3,New York,NY,http://www.express.co.uk/news/world/673919/Irving-Plaza-New-York-shooting-concert-TI,http://nypost.com/2016/05/25/three-shot-during-concert-at-irving-plaza/,http://thesource.com/2016/05/26/troy-ave-has-reportedly-been-arrested-in-connection-with-the-shooting-at-irving-plaza/,
2016-05-29,0,4,Indianapolis,IN,http://www.indystar.com/story/news/crime/2016/05/29/quadruple-shooting-downtown-leaves-4-hospitalized/85123608/,http://fox59.com/2016/05/29/four-people-found-shot-in-parking-garage-downtown-indianapolis/,,
2016-05-29,0,4,Las Vegas,NV,http://www.kolotv.com/content/news/Four-wounded-in-downtown-Las-Vegas-shooting-381246281.html,http://www.theeagle.com/news/nation/wounded-in-downtown-las-vegas-shooting/article_1e7f9bee-4bcc-5aa0-806b-b10bd3443058.html,http://www.ksl.com/index.php?nid=157&sid=40042724&title=bail-set-for-man-in-downtown-vegas-shooting-that-wounded-4,
2016-05-29,2,6,Houston,TX,http://www.khou.com/news/crime/active-shooter-situation-reported-in-west-houston/220585167,http://www.wkbw.com/news/national/possible-active-shooter-situation-unfolding-in-houston-media-reports,http://www.khou.com/news/crime/motive-in-deadly-w-houston-shooting-remains-a-mystery/222758873,http://abc13.com/news/gunman-in-west-houston-mass-shooting-ided/1362286/
2016-05-29,0,5,Zillah,WA,http://www.yakimaherald.com/news/crime_and_courts/five-injured-in-negligent-shooting-in-zillah-orchard/article_3106cc96-25ee-11e6-a1d9-bfb4d9212c7b.html,http://kimatv.com/news/local/authorities-say-zillah-orchard-workers-injured-in-negligent-shooting,,
2016-05-29,0,6,Trenton,NJ,http://www.trentonian.com/general-news/20160529/bloody-sunday-8-injured-in-two-trenton-shootings,http://www.nj.com/mercer/index.ssf/2016/05/8_wounded_in_sunday_morning_trenton_shootings.html,,
2016-05-30,0,5,Baltimore,MD,http://www.baltimoresun.com/news/maryland/crime/bs-md-ci-shooting-20160530-story.html,http://abcnews.go.com/US/people-injured-memorial-day-shooting-baltimore/story?id=39487539,http://www.baltimoresun.com/news/maryland/crime/bs-md-ci-quintuple-shooting-arrest-20160601-story.html,
2016-05-30,0,5,Sacramento,CA,http://www.sacbee.com/news/local/crime/article80802392.html,http://www.kcra.com/news/local-news/news-sacramento/multiple-people-hurt-in-south-sacramento-shooting/39793316,,
2016-05-31,0,4,Chicago,IL,http://chicago.suntimes.com/news/four-shot-caught-in-crossfire-in-east-garfield-park/,http://www.fox32chicago.com/news/crime/150017772-story,,
2016-05-31,0,4,Fort Wayne,IN,http://www.21alive.com/news/local/Four-Hurt-in-Northeast-Side-Shooting-381351911.html,http://wane.com/2016/05/31/4-people-shot-in-pawawna-drive-shooting/,,
2016-06-04,1,3,Eufaula,AL,http://www.al.com/news/montgomery/index.ssf/2016/06/officer-involved_shooting_unde.html,http://www.wsfa.com/story/32144825/3-shot-suspect-dies-following-officer-involved-shooting-in-eufaula,,
2016-06-04,3,1,Denver,CO,http://www.denverpost.com/2016/06/04/police-looking-for-homicide-suspects-and-maroon-chevy-tahoe/,http://denver.cbslocal.com/2016/06/04/deadly-shooting-rocks-quiet-park-hill-neighborhood/,,
2016-06-05,0,4,Brooklyn,NY,http://www.amny.com/news/coney-island-shooting-four-men-injured-the-nypd-says-1.11879295,http://pix11.com/2016/06/05/multiple-people-shot-in-coney-island/,,
2016-06-05,3,3,Cape Coral,FL,http://bnonews.com/news/index.php/news/id4480,http://www.abc-7.com/story/32149535/3-killed-including-gunman-in-cape-coral-shooting-spree,http://www.winknews.com/2016/06/06/i-knew-i-got-hit-victim-recounts-being-shot-during-cape-coral-shooting-spree/,
2016-06-05,0,4,Minneapolis,MN,http://kstp.com/news/shooting-north-minneapolis-humboldt-eighth-avenues/4160715/,http://www.kare11.com/news/crime/shots-fired-in-north-mpls-injuries-unknown/233598634,,
2016-06-05,3,3,Phoenix,AZ,http://www.12news.com/news/local/valley/2-dead-suspect-attempts-suicide-in-phoenix-shooting-spree/234091042,http://abcnews.go.com/US/wireStory/official-critical-shooting-phoenix-motel-39634014,http://www.sandiegouniontribune.com/news/2016/jun/06/official-3-critical-following-shooting-at-phoenix/,http://www.abc15.com/news/region-phoenix-metro/central-phoenix/victims-identified-in-phoenix-motel-shooting-father-convinces-suspect-to-spare-his-girlfriend-son
2016-06-06,0,4,Visalia,CA,http://www.fresnobee.com/news/local/crime/article82044842.html,http://abc30.com/news/4-people-shot-outside-a-bar-in-visalia/1373257/,,
2016-06-08,0,4,Washington ,DC,http://www.fox5dc.com/news/156065265-story,http://wric.com/2016/06/08/4-injured-in-d-c-shooting-officer-struck-by-car-at-the-scene/,,
2016-06-08,1,3,Dorchester,MA,http://www.wcvb.com/news/multiple-people-shot-near-burke-school-in-dorchester/39961004,http://www.nytimes.com/2016/06/09/us/dorchester-school-shooting-one-person-killed.html?_r=0,,
2016-06-09,0,4,Fort Walton Beach,FL,http://weartv.com/news/local/fourth-okaloosa-county-shooting-victim-grazed-by-bullet,http://www.nwfdailynews.com/article/20160609/NEWS/160609012,,
2016-06-11,1,3,Charlotte,NC ,http://www.wcnc.com/news/crime/1-dead-3-injured-in-northeast-charlotte-shooting/239623530,http://www.charlotteobserver.com/news/local/crime/article83204817.html,,
2016-06-11,3,2,Los Angeles,CA,http://abc7.com/news/3-killed-2-hurt-in-possible-murder-suicide-in-panorama-city/1381841/,http://www.sfgate.com/news/crime/article/3-fatally-shot-in-possible-murder-suicide-in-Los-8059198.php,,
2016-06-11,5,0,Roswell,NM,http://krqe.com/2016/06/12/roswell-police-searching-for-man-suspected-of-killing-wife-and-four-daughters/,http://www.fredericksburg.com/news/news-wire/found-shot-to-death-in-roswell-home/article_949c21c4-afaa-5b4a-9b10-89f20a3e2803.html,,
2016-06-11,1,3,Stockton,CA,http://www.abc10.com/news/local/1-killed-3-others-shot-in-stockton/240301750,http://fox40.com/2016/06/11/police-one-dead-at-least-three-injured-in-stockton-shooting/,,
2016-06-11,0,4,Webster,MN,http://www.southernminn.com/northfield_news/news/article_56b6e51a-f71e-58e5-af5e-b310d740e970.html,http://www.fox9.com/news/158220597-story,,
2016-06-12,51,53,Orlanda,FL,http://www.clickorlando.com/news/several-injured-in-shooting-at-orlando-nightclub,http://www.nytimes.com/live/orlando-nightclub-shooting-live-updates/,,
